question,generated_answer,ground_truth,semantic_accuracy,latency_seconds
كم سعر تجديد جواز السفر 10 سنوات؟,سعر تجديد جواز السفر السعودي لمدة 10 سنوات هو 600 ريال سعودي.,سعر تجديد جواز السفر السعودي لمدة عشر سنوات هو 600 ريال سعودي.,0.9915,1.0646
كم سعر رخصة السلاح؟,"أهلاً وسهلاً بك، كيف حالك؟

رسوم تجديد رخصة سلاح هي 100 ريال لكل سنة. هل تحتاج إلى أي معلومات إضافية؟",سعر رخصة السلاح هو 100 ريال عن كل سنة.,0.8473,1.2739
كيف اسدد مخالفاتي المرورية؟,"السلام عليكم ورحمة الله وبركاته، أهلاً وسهلاً بك. يمكنك تسديد رسوم الاعتراض على المخالفات المرورية عبر منصة أبشر من خلال الخطوات التالية:

1. الدخول إلى الموقع الإلكتروني لمنصة أبشر.
2. اختيار الخدمات الإلكترونية.
3. اختيار المرور.
4. اختيار الاعتراض على المخالفات المرورية.
5. إدخال المعلومات المطلوبة وتسديد الرسوم.

إذا كان لديك أي استفسار آخر، فلا تتردد في طرحه.",يمكن تسديد المخالفات المرورية عبر منصة أبشر من خلال الخدمات الإلكترونية واختيار خدمات المرور ثم استعراض المخالفات وتسديدها.,0.8794,2.8079
كيف احجز موعد في المرور؟,"أهلاً وسهلاً بك، خدمة المواعيد (المرور) تمكن المواطنين والمقيمين من حجز موعد لإجراء خدمات متعددة في فروع المرور. لحجز موعد، يمكنك اتباع الخطوات التالية:

1. **الدخول إلى منصة أبشر.**
2. **اختيار أيقونة **خدمات المرور**.
3. **النقر على **حجز موعد**.
4. **استعراض المواعيد المتاحة واختيار الموعد المناسب.**
5. **تأكيد الموعد وإتمام الحجز.**

إذا كان لديك أي استفسار آخر، فلا تتردد في السؤال.",يمكن حجز موعد في المرور عبر الدخول إلى منصة أبشر الإلكترونية واختيار المواعيد ثم المرور وتحديد الموعد المناسب.,0.8774,3.2099
